cluster_id,size,percentage,Gap_Rendimiento_mean,Gap_Rendimiento_std,Rendimiento Real_mean,Rendimiento Real_std,CO2_por_KM_mean,CO2_por_KM_std,Consumo_por_KM_mean,Consumo_por_KM_std,Experiencia_Conductor_mean,Experiencia_Conductor_std,Cantidad Mercancía_mean,Cantidad Mercancía_std,Recorrido_mean,Recorrido_std,Hora_Num_mean,Hora_Num_std
0,18,3.5999999999999996,0.031004012759874102,0.19594126445661908,3.322623875113458,0.6660882806313898,0.7568400351010173,1.0250606696632003,0.33725713663958773,0.1021555677806648,5.0,2.3763541031440183,10494.515147360282,6048.873942543829,299.8037085764099,146.85371172359618,10.666666666666666,7.692624427868249
1,13,2.6,0.009071598050251697,0.1694640371738327,3.1350429106718227,0.4323656225316289,0.6753588057772114,0.5436009943578951,0.32397028909590964,0.08748219060096435,5.0,2.943920288775949,17330.219046295988,6925.575090986785,322.46908957038545,129.78196020438347,11.384615384615385,7.41101051969817
2,10,2.0,0.033324040522528464,0.1464221128409929,2.682819211875812,0.7788949704920969,0.952543392900747,0.7923865401384228,0.3184127753929499,0.10442486270527823,5.6,2.6331223544175333,14304.579228822975,8983.49331427912,234.11483023837894,127.04092799264724,9.0,7.7746025264604
3,31,6.2,0.01312687516962694,0.21054975633829942,3.2403067976860833,0.6720316146890527,0.9508751663958186,0.8793364870010827,0.34863948844456877,0.08991372135890156,4.838709677419355,2.7458668842892875,12915.878133383238,7219.354976059498,255.4112340953751,149.3993036916466,12.35483870967742,6.0252158306945
4,36,7.199999999999999,-0.05776238286402683,0.1672283921579132,2.907618540430226,0.5937684653468621,0.8769120301945822,0.9217153883594537,0.35161585576196647,0.08048351752699975,4.555555555555555,2.4662805360582323,11490.51502507271,6078.2412655712515,274.9316857215322,135.2160612752124,12.11111111111111,7.792955712061934
