variable,cluster_a_mean,cluster_b_mean,cluster_a_std,cluster_b_std,difference,relative_difference,p_value,significance
Gap_Rendimiento,0.009071598050251697,-0.05776238286402683,0.1694640371738327,0.1672283921579132,-0.06683398091427853,-736.7387812384851,0.22448233872004023,
Rendimiento Real,3.1350429106718227,2.907618540430226,0.4323656225316289,0.5937684653468621,-0.22742437024159656,-7.2542665833196125,0.21324891717934297,
CO2_por_KM,0.6753588057772114,0.8769120301945822,0.5436009943578951,0.9217153883594537,0.20155322441737078,29.84387301879048,0.462840979941764,
Consumo_por_KM,0.32397028909590964,0.35161585576196647,0.08748219060096435,0.08048351752699975,0.02764556666605683,8.533364816633698,0.3046791707493559,
Experiencia_Conductor,5.0,4.555555555555555,2.943920288775949,2.4662805360582323,-0.44444444444444464,-8.888888888888893,0.5993100540931671,
Cantidad Mercancía,17330.219046295988,11490.51502507271,6925.575090986785,6078.2412655712515,-5839.704021223279,-33.696654414021424,0.006263444127872523,**
Recorrido,322.46908957038545,274.9316857215322,129.78196020438347,135.2160612752124,-47.53740384885327,-14.741693199861647,0.27797166210460517,
Hora_Num,11.384615384615385,12.11111111111111,7.41101051969817,7.792955712061934,0.7264957264957257,6.381381381381374,0.7718065380129873,
