cluster,model_name,r2_score,rmse,mae,data_size,train_size,test_size
Cluster 0,XGBoost,-0.4258655004075176,0.24441816972070057,0.182885448365531,18,14,4
Cluster 1,XGBoost,0.7596501490160167,0.26396800494822553,0.1783217438754252,13,9,4
Cluster 2,XGBoost,0.3231502443784462,0.37422911520955116,0.32274743836796216,10,8,2
Cluster 3,Random Forest,0.7961732303723048,0.2833277194001458,0.24374863690127455,31,24,7
Cluster 4,Linear Regression,0.4660744382566141,0.57481136992061,0.49618167009309394,36,24,12
