Horizonte,Media,Máximo,Mínimo,Desviación estándar
1 mes,20.67719029147202,21.992179012072278,19.889949623827757,0.409495506694128
6 meses,20.47880219905933,23.055485458314383,18.885458805742086,0.9326745418917736
12 meses,20.454544730365196,24.385428049660177,18.34471526962225,1.1589523376426936
