Costo por KM,baja,media,alta
baja,0.75,0.25,0.0
media,0.16666666666666666,0.5833333333333334,0.25
alta,0.09090909090909091,0.18181818181818182,0.7272727272727273
