PRECIO POR LT,baja,media,alta
baja,0.6666666666666666,0.3333333333333333,0.0
media,0.18181818181818182,0.6363636363636364,0.18181818181818182
alta,0.16666666666666666,0.08333333333333333,0.75
